rank,file,t_sec,score,U,A,D,n_boxes,n_ambiguous,empty,selected
1,frame_0031.jpg,12.4,0.8892,0.7784,1.0,1.0,14,6,False,True
2,frame_0080.jpg,32.0,0.8272,0.8504,0.8333,0.76,12,5,False,True
3,frame_0030.jpg,12.0,0.7865,0.773,0.6667,1.0,8,4,False,False
4,frame_0069.jpg,27.6,0.7691,0.6383,0.8333,1.0,11,5,False,True
5,frame_0033.jpg,13.2,0.7352,0.5704,0.8333,1.0,12,5,False,False
6,frame_0076.jpg,30.4,0.7351,0.7022,0.6667,0.92,12,4,False,False
7,frame_0017.jpg,6.8,0.7328,0.6656,0.6667,1.0,8,4,False,True
8,frame_0171.jpg,68.4,0.7165,0.657,1.0,0.44,11,6,False,True
9,frame_0293.jpg,117.2,0.7073,0.7106,0.6667,0.76,8,4,False,True
10,frame_0003.jpg,1.2,0.7006,0.6011,0.6667,1.0,8,4,False,True
11,frame_0133.jpg,53.2,0.7005,0.6009,0.6667,1.0,12,4,False,True
12,frame_0125.jpg,50.0,0.6981,0.7081,0.6667,0.72,10,4,False,True
13,frame_0067.jpg,26.8,0.6935,0.487,0.8333,1.0,14,5,False,False
14,frame_0021.jpg,8.4,0.6814,0.7629,0.3333,1.0,10,2,False,False
15,frame_0085.jpg,34.0,0.6681,0.6122,0.8333,0.56,10,5,False,True
16,frame_0026.jpg,10.4,0.6666,0.5332,0.6667,1.0,10,4,False,True
17,frame_0287.jpg,114.8,0.6554,0.6387,0.6667,0.68,10,4,False,True
18,frame_0006.jpg,2.4,0.6545,0.6091,0.5,1.0,12,3,False,False
19,frame_0022.jpg,8.8,0.6537,0.6074,0.5,1.0,9,3,False,False
20,frame_0321.jpg,128.4,0.6414,0.8028,0.6667,0.2,13,4,False,False
21,frame_0302.jpg,120.8,0.6357,0.7113,0.6667,0.4,11,4,False,False
22,frame_0024.jpg,9.6,0.6348,0.4696,0.6667,1.0,9,4,False,False
23,frame_0230.jpg,92.0,0.6319,0.8158,0.6667,0.12,12,4,False,False
24,frame_0307.jpg,122.8,0.6197,0.7594,0.6667,0.2,10,4,False,False
25,frame_0295.jpg,118.0,0.6181,0.5641,0.6667,0.68,12,4,False,False
26,frame_0290.jpg,116.0,0.618,0.716,0.3333,0.8,9,2,False,False
27,frame_0373.jpg,149.2,0.6178,0.6716,0.8333,0.16,13,5,False,False
28,frame_0282.jpg,112.8,0.6136,0.7352,0.5,0.48,9,3,False,False
29,frame_0327.jpg,130.8,0.6132,0.7104,0.8333,0.04,15,5,False,False
30,frame_0013.jpg,5.2,0.6107,0.6214,0.3333,1.0,4,2,False,False
31,frame_0211.jpg,84.4,0.6094,0.5628,0.6667,0.64,8,4,False,False
32,frame_0329.jpg,131.6,0.6071,0.6822,0.8333,0.08,18,5,False,False
33,frame_0374.jpg,149.6,0.6063,0.7325,0.6667,0.2,12,4,False,False
34,frame_0320.jpg,128.0,0.6055,0.815,0.5,0.24,10,3,False,False
35,frame_0371.jpg,148.4,0.6054,0.6789,0.8333,0.08,15,5,False,False
36,frame_0032.jpg,12.8,0.605,0.61,0.3333,1.0,12,2,False,False
37,frame_0297.jpg,118.8,0.6044,0.6688,0.5,0.6,11,3,False,False
38,frame_0379.jpg,151.6,0.5966,0.6772,0.8333,0.04,15,5,False,False
39,frame_0388.jpg,155.2,0.5943,0.8246,0.5,0.16,11,3,False,False
40,frame_0001.jpg,0.4,0.5925,0.5851,0.3333,1.0,14,2,False,False
41,frame_0126.jpg,50.4,0.5907,0.5775,0.5,0.76,13,3,False,False
42,frame_0116.jpg,46.4,0.5903,0.5367,0.8333,0.36,10,5,False,False
43,frame_0068.jpg,27.2,0.5869,0.4738,0.5,1.0,12,3,False,False
44,frame_0007.jpg,2.8,0.5852,0.4703,0.5,1.0,10,3,False,False
45,frame_0002.jpg,0.8,0.5842,0.6683,0.1667,1.0,12,1,False,False
46,frame_0310.jpg,124.0,0.5771,0.7221,0.6667,0.08,14,4,False,False
47,frame_0278.jpg,111.2,0.5764,0.7248,0.5,0.32,12,3,False,False
48,frame_0300.jpg,120.0,0.5757,0.6595,0.5,0.48,11,3,False,False
49,frame_0127.jpg,50.8,0.5744,0.6289,0.3333,0.8,10,2,False,False
50,frame_0119.jpg,47.6,0.5739,0.7559,0.3333,0.48,10,2,False,False
51,frame_0186.jpg,74.4,0.5738,0.8316,0.5,0.04,14,3,False,False
52,frame_0023.jpg,9.2,0.573,0.346,0.6667,1.0,9,4,False,False
53,frame_0292.jpg,116.8,0.5726,0.6253,0.3333,0.8,9,2,False,False
54,frame_0124.jpg,49.6,0.5688,0.6656,0.3333,0.68,10,2,False,False
55,frame_0382.jpg,152.8,0.5638,0.7956,0.5,0.08,13,3,False,False
56,frame_0029.jpg,11.6,0.5632,0.5265,0.3333,1.0,11,2,False,False
57,frame_0128.jpg,51.2,0.5624,0.5888,0.3333,0.84,9,2,False,False
58,frame_0132.jpg,52.8,0.5623,0.5246,0.3333,1.0,12,2,False,False
59,frame_0018.jpg,7.2,0.5608,0.4215,0.5,1.0,8,3,False,False
60,frame_0115.jpg,46.0,0.5606,0.5931,0.6667,0.32,11,4,False,False
61,frame_0324.jpg,129.6,0.5591,0.6861,0.6667,0.08,13,4,False,False
62,frame_0207.jpg,82.8,0.5589,0.5979,0.3333,0.8,7,2,False,False
63,frame_0276.jpg,110.4,0.5578,0.7196,0.5,0.24,11,3,False,False
64,frame_0082.jpg,32.8,0.5559,0.5398,0.5,0.68,12,3,False,False
65,frame_0314.jpg,125.6,0.554,0.7759,0.5,0.08,9,3,False,False
66,frame_0381.jpg,152.4,0.5535,0.591,0.8333,0.04,17,5,False,False
67,frame_0383.jpg,153.2,0.5533,0.7586,0.5,0.12,20,3,False,False
68,frame_0212.jpg,84.8,0.553,0.466,0.6667,0.6,9,4,False,False
69,frame_0299.jpg,119.6,0.5517,0.6954,0.3333,0.52,10,2,False,False
70,frame_0378.jpg,151.2,0.5509,0.7697,0.5,0.08,14,3,False,False
71,frame_0004.jpg,1.6,0.5508,0.4016,0.5,1.0,14,3,False,False
72,frame_0303.jpg,121.2,0.5486,0.6532,0.5,0.36,12,3,False,False
73,frame_0328.jpg,131.2,0.5466,0.8613,0.3333,0.08,16,2,False,False
74,frame_0372.jpg,148.8,0.5448,0.7416,0.5,0.12,17,3,False,False
75,frame_0000.jpg,0.0,0.5431,0.4862,0.3333,1.0,13,2,False,False
76,frame_0093.jpg,37.2,0.5402,0.5844,0.6667,0.24,7,4,False,False
77,frame_0074.jpg,29.6,0.54,0.5799,0.1667,1.0,9,1,False,False
78,frame_0072.jpg,28.8,0.5393,0.5786,0.1667,1.0,10,1,False,False
79,frame_0027.jpg,10.8,0.539,0.3779,0.5,1.0,9,3,False,False
80,frame_0191.jpg,76.4,0.5387,0.5135,0.8333,0.16,11,5,False,False
81,frame_0088.jpg,35.2,0.5383,0.5005,0.6667,0.44,12,4,False,False
82,frame_0077.jpg,30.8,0.5356,0.6191,0.1667,0.88,11,1,False,False
83,frame_0384.jpg,153.6,0.5356,0.7072,0.5,0.16,18,3,False,False
84,frame_0193.jpg,77.2,0.5336,0.5712,0.6667,0.24,9,4,False,False
85,frame_0231.jpg,92.4,0.5315,0.699,0.5,0.16,13,3,False,False
86,frame_0020.jpg,8.0,0.5307,0.4614,0.3333,1.0,8,2,False,False
87,frame_0206.jpg,82.4,0.5301,0.4561,0.5,0.76,8,3,False,False
88,frame_0232.jpg,92.8,0.5299,0.6797,0.5,0.2,12,3,False,False
89,frame_0079.jpg,31.6,0.5275,0.635,0.1667,0.8,14,1,False,False
90,frame_0298.jpg,119.2,0.5273,0.6306,0.3333,0.56,9,2,False,False
91,frame_0393.jpg,157.2,0.5266,0.6371,0.6667,0.04,9,4,False,False
92,frame_0377.jpg,150.8,0.5245,0.6009,0.6667,0.12,13,4,False,False
93,frame_0289.jpg,115.6,0.5243,0.4447,0.5,0.76,11,3,False,False
94,frame_0090.jpg,36.0,0.5239,0.5038,0.6667,0.36,12,4,False,False
95,frame_0012.jpg,4.8,0.5172,0.4345,0.3333,1.0,6,2,False,False
96,frame_0223.jpg,89.2,0.5149,0.7659,0.3333,0.16,14,2,False,False
97,frame_0203.jpg,81.2,0.5133,0.5706,0.3333,0.64,7,2,False,False
98,frame_0229.jpg,91.6,0.5126,0.6932,0.5,0.08,14,3,False,False
99,frame_0174.jpg,69.6,0.512,0.696,0.3333,0.32,11,2,False,False
100,frame_0286.jpg,114.4,0.5111,0.4661,0.5,0.64,11,3,False,False
101,frame_0086.jpg,34.4,0.5103,0.6127,0.3333,0.52,7,2,False,False
102,frame_0177.jpg,70.8,0.5097,0.6394,0.5,0.2,12,3,False,False
103,frame_0318.jpg,127.2,0.5095,0.623,0.5,0.24,11,3,False,False
104,frame_0110.jpg,44.0,0.5066,0.6651,0.5,0.12,8,3,False,False
105,frame_0169.jpg,67.6,0.505,0.6021,0.3333,0.52,10,2,False,False
106,frame_0399.jpg,159.6,0.5034,0.5948,0.5,0.28,11,3,False,False
107,frame_0089.jpg,35.6,0.4993,0.6386,0.3333,0.4,8,2,False,False
108,frame_0130.jpg,52.0,0.499,0.43,0.3333,0.92,10,2,False,False
109,frame_0070.jpg,28.0,0.4975,0.495,0.1667,1.0,12,1,False,False
110,frame_0180.jpg,72.0,0.4957,0.6593,0.5,0.08,13,3,False,False
111,frame_0176.jpg,70.4,0.495,0.694,0.3333,0.24,9,2,False,False
112,frame_0301.jpg,120.4,0.4943,0.5126,0.5,0.44,14,3,False,False
113,frame_0102.jpg,40.8,0.4926,0.5372,0.6667,0.12,11,4,False,False
114,frame_0322.jpg,128.8,0.4914,0.6188,0.5,0.16,11,3,False,False
115,frame_0375.jpg,150.0,0.4863,0.7926,0.1667,0.2,11,1,False,False
116,frame_0202.jpg,80.8,0.4857,0.5314,0.3333,0.6,7,2,False,False
117,frame_0025.jpg,10.0,0.4856,0.3712,0.3333,1.0,11,2,False,False
118,frame_0075.jpg,30.0,0.485,0.486,0.1667,0.96,13,1,False,False
119,frame_0113.jpg,45.2,0.4817,0.5674,0.5,0.24,9,3,False,False
120,frame_0291.jpg,116.4,0.4814,0.5267,0.1667,0.84,10,1,False,False
121,frame_0192.jpg,76.8,0.4808,0.6816,0.3333,0.2,10,2,False,False
122,frame_0109.jpg,43.6,0.4801,0.7282,0.3333,0.08,13,2,False,False
123,frame_0228.jpg,91.2,0.4786,0.5411,0.6667,0.04,11,4,False,False
124,frame_0288.jpg,115.2,0.4784,0.5688,0.1667,0.72,10,1,False,False
125,frame_0317.jpg,126.8,0.4777,0.4753,0.6667,0.2,10,4,False,False
126,frame_0005.jpg,2.0,0.4769,0.3538,0.3333,1.0,7,2,False,False
127,frame_0073.jpg,29.2,0.4766,0.4532,0.1667,1.0,9,1,False,False
128,frame_0315.jpg,126.0,0.4748,0.7017,0.3333,0.12,11,2,False,False
129,frame_0316.jpg,126.4,0.4698,0.5756,0.5,0.16,13,3,False,False
130,frame_0185.jpg,74.0,0.4689,0.6058,0.5,0.08,10,3,False,False
131,frame_0201.jpg,80.4,0.4685,0.5131,0.3333,0.56,7,2,False,False
132,frame_0280.jpg,112.0,0.4683,0.5767,0.3333,0.4,10,2,False,False
133,frame_0131.jpg,52.4,0.4656,0.4472,0.1667,0.96,8,1,False,False
134,frame_0222.jpg,88.8,0.465,0.7499,0.1667,0.2,10,1,False,False
135,frame_0028.jpg,11.2,0.464,0.3281,0.3333,1.0,10,2,False,False
136,frame_0319.jpg,127.6,0.4619,0.6119,0.3333,0.28,10,2,False,False
137,frame_0370.jpg,148.0,0.4614,0.8068,0.1667,0.04,14,1,False,False
138,frame_0078.jpg,31.2,0.4606,0.4851,0.1667,0.84,8,1,False,False
139,frame_0387.jpg,154.8,0.4587,0.6374,0.3333,0.2,14,2,False,False
140,frame_0323.jpg,129.2,0.4576,0.5671,0.5,0.12,10,3,False,False
141,frame_0398.jpg,159.2,0.4573,0.5187,0.5,0.24,11,3,False,False
142,frame_0175.jpg,70.0,0.4566,0.5013,0.5,0.28,8,3,False,False
143,frame_0225.jpg,90.0,0.456,0.58,0.5,0.08,10,3,False,False
144,frame_0273.jpg,109.2,0.4532,0.5583,0.5,0.12,11,3,False,False
145,frame_0081.jpg,32.4,0.4523,0.4166,0.3333,0.72,10,2,False,False
146,frame_0120.jpg,48.0,0.4522,0.4965,0.3333,0.52,8,2,False,False
147,frame_0395.jpg,158.0,0.4509,0.5538,0.5,0.12,9,3,False,False
148,frame_0233.jpg,93.2,0.4499,0.6038,0.3333,0.24,15,2,False,False
149,frame_0014.jpg,5.6,0.4462,0.3923,0.1667,1.0,6,1,False,False
150,frame_0172.jpg,68.8,0.4444,0.6287,0.1667,0.4,9,1,False,False
151,frame_0108.jpg,43.2,0.4441,0.4722,0.6667,0.04,15,4,False,False
152,frame_0168.jpg,67.2,0.4432,0.5623,0.1667,0.56,7,1,False,False
153,frame_0117.jpg,46.8,0.443,0.526,0.3333,0.4,11,2,False,False
154,frame_0213.jpg,85.2,0.4424,0.5607,0.1667,0.56,6,1,False,False
155,frame_0267.jpg,106.8,0.4418,0.5356,0.5,0.12,9,3,False,False
156,frame_0098.jpg,39.2,0.4388,0.6616,0.3333,0.04,10,2,False,False
157,frame_0092.jpg,36.8,0.4386,0.4652,0.5,0.28,10,3,False,False
158,frame_0167.jpg,66.8,0.4366,0.5332,0.1667,0.6,8,1,False,False
159,frame_0391.jpg,156.4,0.4332,0.6505,0.3333,0.04,12,2,False,False
160,frame_0178.jpg,71.2,0.4314,0.4988,0.5,0.16,11,3,False,False
161,frame_0397.jpg,158.8,0.4304,0.4809,0.5,0.2,10,3,False,False
162,frame_0386.jpg,154.4,0.4281,0.5603,0.3333,0.24,12,2,False,False
163,frame_0333.jpg,133.2,0.4266,0.7212,0.1667,0.08,13,1,False,False
164,frame_0332.jpg,132.8,0.4265,0.5371,0.5,0.04,11,3,False,False
165,frame_0114.jpg,45.6,0.4231,0.6342,0.1667,0.28,12,1,False,False
166,frame_0308.jpg,123.2,0.4229,0.4818,0.5,0.16,8,3,False,False
167,frame_0016.jpg,6.4,0.4217,0.4433,0.0,1.0,7,0,False,False
168,frame_0209.jpg,83.6,0.4205,0.353,0.3333,0.72,7,2,False,False
169,frame_0015.jpg,6.0,0.4141,0.3281,0.1667,1.0,7,1,False,False
170,frame_0283.jpg,113.2,0.413,0.5179,0.1667,0.52,8,1,False,False
171,frame_0170.jpg,68.0,0.4122,0.5324,0.1667,0.48,11,1,False,False
172,frame_0129.jpg,51.6,0.4097,0.2675,0.3333,0.88,9,2,False,False
173,frame_0294.jpg,117.6,0.4086,0.4292,0.1667,0.72,10,1,False,False
174,frame_0277.jpg,110.8,0.4076,0.4031,0.5,0.28,12,3,False,False
175,frame_0396.jpg,158.4,0.4076,0.6512,0.1667,0.16,10,1,False,False
176,frame_0173.jpg,69.2,0.4069,0.4698,0.3333,0.36,10,2,False,False
177,frame_0210.jpg,84.0,0.4037,0.4353,0.1667,0.68,8,1,False,False
178,frame_0309.jpg,123.6,0.3967,0.4454,0.5,0.12,11,3,False,False
179,frame_0368.jpg,147.2,0.3938,0.7716,0.0,0.04,16,0,False,False
180,frame_0208.jpg,83.2,0.3933,0.3826,0.1667,0.76,8,1,False,False
181,frame_0284.jpg,113.6,0.3929,0.4618,0.1667,0.56,9,1,False,False
182,frame_0204.jpg,81.6,0.3925,0.413,0.1667,0.68,5,1,False,False
183,frame_0105.jpg,42.0,0.392,0.552,0.3333,0.08,11,2,False,False
184,frame_0181.jpg,72.4,0.3889,0.5619,0.3333,0.04,10,2,False,False
185,frame_0390.jpg,156.0,0.3868,0.5417,0.3333,0.08,12,2,False,False
186,frame_0296.jpg,118.4,0.3865,0.517,0.0,0.64,9,0,False,False
187,frame_0218.jpg,87.2,0.3845,0.425,0.3333,0.36,11,2,False,False
188,frame_0087.jpg,34.8,0.3825,0.373,0.3333,0.48,7,2,False,False
189,frame_0215.jpg,86.0,0.3824,0.3729,0.3333,0.48,10,2,False,False
190,frame_0214.jpg,85.6,0.3802,0.3524,0.3333,0.52,6,2,False,False
191,frame_0083.jpg,33.2,0.3794,0.3029,0.3333,0.64,10,2,False,False
192,frame_0217.jpg,86.8,0.3789,0.3978,0.3333,0.4,9,2,False,False
193,frame_0189.jpg,75.6,0.3784,0.5249,0.3333,0.08,9,2,False,False
194,frame_0071.jpg,28.4,0.3771,0.3543,0.0,1.0,12,0,False,False
195,frame_0179.jpg,71.6,0.3744,0.4008,0.5,0.12,14,3,False,False
196,frame_0121.jpg,48.4,0.3717,0.3194,0.3333,0.56,8,2,False,False
197,frame_0011.jpg,4.4,0.3713,0.3426,0.0,1.0,5,0,False,False
198,frame_0305.jpg,122.0,0.3708,0.5296,0.1667,0.28,10,1,False,False
199,frame_0084.jpg,33.6,0.3694,0.2989,0.3333,0.6,11,2,False,False
200,frame_0385.jpg,154.0,0.3689,0.4578,0.3333,0.2,14,2,False,False
201,frame_0188.jpg,75.2,0.3687,0.5215,0.3333,0.04,12,2,False,False
202,frame_0019.jpg,7.6,0.3648,0.2295,0.1667,1.0,5,1,False,False
203,frame_0205.jpg,82.0,0.3648,0.3416,0.1667,0.72,5,1,False,False
204,frame_0325.jpg,130.0,0.3627,0.5094,0.3333,0.04,16,2,False,False
205,frame_0097.jpg,38.8,0.361,0.3901,0.5,0.08,11,3,False,False
206,frame_0194.jpg,77.6,0.3564,0.4009,0.3333,0.28,9,2,False,False
207,frame_0285.jpg,114.0,0.3564,0.3728,0.1667,0.6,7,1,False,False
208,frame_0268.jpg,107.2,0.3539,0.5758,0.1667,0.08,7,1,False,False
209,frame_0220.jpg,88.0,0.351,0.49,0.1667,0.28,6,1,False,False
210,frame_0095.jpg,38.0,0.3497,0.5354,0.1667,0.16,10,1,False,False
211,frame_0330.jpg,132.0,0.3491,0.4822,0.3333,0.04,15,2,False,False
212,frame_0281.jpg,112.4,0.3484,0.4208,0.1667,0.44,9,1,False,False
213,frame_0112.jpg,44.8,0.3445,0.409,0.3333,0.2,10,2,False,False
214,frame_0216.jpg,86.4,0.3428,0.3097,0.3333,0.44,9,2,False,False
215,frame_0274.jpg,109.6,0.3371,0.5101,0.1667,0.16,12,1,False,False
216,frame_0008.jpg,3.2,0.337,0.274,0.0,1.0,7,0,False,False
217,frame_0219.jpg,87.6,0.3364,0.4448,0.1667,0.32,10,1,False,False
218,frame_0200.jpg,80.0,0.3352,0.3624,0.1667,0.52,4,1,False,False
219,frame_0376.jpg,150.4,0.3331,0.5022,0.1667,0.16,10,1,False,False
220,frame_0106.jpg,42.4,0.3285,0.641,0.0,0.04,11,0,False,False
221,frame_0096.jpg,38.4,0.3274,0.4069,0.3333,0.12,10,2,False,False
222,frame_0198.jpg,79.2,0.325,0.3739,0.1667,0.44,4,1,False,False
223,frame_0104.jpg,41.6,0.3234,0.3989,0.3333,0.12,10,2,False,False
224,frame_0101.jpg,40.4,0.321,0.3099,0.5,0.08,10,3,False,False
225,frame_0271.jpg,108.4,0.3209,0.5258,0.1667,0.04,9,1,False,False
226,frame_0269.jpg,107.6,0.3202,0.4245,0.3333,0.04,10,2,False,False
227,frame_0224.jpg,89.6,0.3187,0.3895,0.3333,0.12,12,2,False,False
228,frame_0010.jpg,4.0,0.3155,0.2309,0.0,1.0,9,0,False,False
229,frame_0184.jpg,73.6,0.3155,0.499,0.1667,0.08,10,1,False,False
230,frame_0306.jpg,122.4,0.3141,0.5323,0.0,0.24,8,0,False,False
231,frame_0367.jpg,146.8,0.3135,0.495,0.1667,0.08,15,1,False,False
232,frame_0091.jpg,36.4,0.3123,0.3965,0.1667,0.32,8,1,False,False
233,frame_0197.jpg,78.8,0.3114,0.3628,0.1667,0.4,5,1,False,False
234,frame_0123.jpg,49.2,0.3085,0.2609,0.1667,0.64,10,1,False,False
235,frame_0196.jpg,78.4,0.3046,0.4653,0.0,0.36,4,0,False,False
236,frame_0190.jpg,76.0,0.299,0.45,0.1667,0.12,9,1,False,False
237,frame_0279.jpg,111.6,0.2983,0.3526,0.1667,0.36,8,1,False,False
238,frame_0304.jpg,121.6,0.2971,0.3662,0.1667,0.32,10,1,False,False
239,frame_0111.jpg,44.4,0.2921,0.4202,0.1667,0.16,11,1,False,False
240,frame_0122.jpg,48.8,0.2877,0.2353,0.1667,0.6,11,1,False,False
241,frame_0103.jpg,41.2,0.2863,0.4086,0.1667,0.16,9,1,False,False
242,frame_0221.jpg,88.4,0.2847,0.3734,0.1667,0.24,10,1,False,False
243,frame_0275.jpg,110.0,0.2838,0.2877,0.3333,0.2,14,2,False,False
244,frame_0118.jpg,47.2,0.2801,0.3842,0.0,0.44,10,0,False,False
245,frame_0389.jpg,155.6,0.2779,0.5077,0.0,0.12,15,0,False,False
246,frame_0009.jpg,3.6,0.2753,0.1507,0.0,1.0,6,0,False,False
247,frame_0394.jpg,157.6,0.2739,0.4158,0.1667,0.08,10,1,False,False
248,frame_0199.jpg,79.6,0.2709,0.2497,0.1667,0.48,4,1,False,False
249,frame_0226.jpg,90.4,0.2709,0.4257,0.1667,0.04,9,1,False,False
250,frame_0100.jpg,40.0,0.2556,0.3951,0.1667,0.04,9,1,False,False
251,frame_0195.jpg,78.0,0.2385,0.349,0.0,0.32,6,0,False,False
252,frame_0094.jpg,37.6,0.2265,0.373,0.0,0.2,10,0,False,False
253,frame_0311.jpg,124.4,0.1951,0.2741,0.1667,0.04,12,1,False,False
254,frame_0272.jpg,108.8,0.1886,0.3452,0.0,0.08,11,0,False,False
255,frame_0313.jpg,125.2,0.1752,0.2344,0.1667,0.04,8,1,False,False
256,frame_0183.jpg,73.2,0.1573,0.2985,0.0,0.04,6,0,False,False
